{
  "$description": "Optimized by SETT",
  "$schema": "https://bitsum.com/json-schemas/2025-02-12-00/schema",
  "$title": "Process Lasso Rules",
  "cpuAffinityRuleOrder": ["cs2.exe"],
  "cpuModel": "AMD Ryzen 7 5700X 8-Core Processor",
  "gpuPriorityClassRuleOrder": ["cs2.exe"],
  "ioPriorityClassRuleOrder": [
    "csrss.exe",
    "dwm.exe",
    "csgo.exe",
    "aimlab_tb.exe",
    "rust.exe",
    "valorant-win64-shipping.exe",
    "fortniteclient-win64-shipping.exe",
    "r5apex.exe",
    "fpsaimtrainer-win64-shipping.exe",
    "overwatch.exe",
    "cod.exe",
    "cs2.exe",
    "explorer.exe",
    "audiodg.exe",
    "agent.exe",
    "battle.net.exe",
    "conhost.exe",
    "ctfmon.exe",
    "discord.exe",
    "dllhost.exe",
    "epicgameslauncher.exe",
    "epicwebhelper.exe",
    "fontdrvhost.exe",
    "lsass.exe",
    "nvcontainer.exe",
    "nvdisplay.container.exe",
    "nvidia geforce experience.exe",
    "nvidia share.exe",
    "nvidia web helper.exe",
    "nvsphelper64.exe",
    "opera.exe",
    "chrome.exe",
    "brave.exe",
    "msedge.exe",
    "opera_crashreporter.exe",
    "riotclientcrashhandler.exe",
    "riotclientservices.exe",
    "riotclientux.exe",
    "riotclientuxrender.exe",
    "rundll32.exe (\"c:\\program files\\nvidia corporation\\nvstreamsrv\\rxdiag.dll\" rxdiagsetruntimemessagepump)",
    "runtimebroker.exe",
    "searchapp.exe",
    "settimerresolutionservice.exe",
    "sgrmbroker.exe",
    "sihost.exe",
    "spotify.exe",
    "srvstub.exe",
    "startmenuexperiencehost.exe",
    "steam.exe",
    "steamwebhelper.exe",
    "svchost.exe (appmodel -p)",
    "svchost.exe (dcomlaunch -p)",
    "svchost.exe (localservice -p)",
    "svchost.exe (localservicenetworkrestricted -p)",
    "svchost.exe (localservicenetworkrestricted)",
    "svchost.exe (localservicenonetwork -p)",
    "svchost.exe (localservicenonetworkfirewall -p)",
    "svchost.exe (localsystemnetworkrestricted -p)",
    "svchost.exe (netsvcs -p)",
    "svchost.exe (unistacksvcgroup)",
    "textinputhost.exe",
    "upc.exe",
    "uplaywebcore.exe",
    "vgtray.exe",
    "winexp.exe",
    "winlogon.exe",
    "vgc.exe",
    "taskhostw.exe",
    "backgroundtaskhost.exe",
    "smartscreen.exe",
    "msteams.exe",
    "onedrive.exe"
  ],
  "memoryPriorityRuleOrder": [
    "aimlab_tb.exe",
    "csgo.exe",
    "rust.exe",
    "valorant-win64-shipping.exe",
    "fortniteclient-win64-shipping.exe",
    "fpsaimtrainer-win64-shipping.exe",
    "overwatch.exe",
    "cod.exe",
    "cs2.exe",
    "r5apex.exe"
  ],
  "priorityBoostRuleOrder": ["cs2.exe"],
  "priorityClassRuleOrder": [
    "csrss.exe",
    "dwm.exe",
    "aimlab_tb.exe",
    "csgo.exe",
    "rust.exe",
    "valorant-win64-shipping.exe",
    "fortniteclient-win64-shipping.exe",
    "r5apex.exe",
    "fpsaimtrainer-win64-shipping.exe",
    "overwatch.exe",
    "cod.exe",
    "cs2.exe",
    "explorer.exe",
    "audiodg.exe",
    "agent.exe",
    "battle.net.exe",
    "conhost.exe",
    "ctfmon.exe",
    "discord.exe",
    "dllhost.exe",
    "epicgameslauncher.exe",
    "epicwebhelper.exe",
    "fontdrvhost.exe",
    "lsass.exe",
    "opera_crashreporter.exe",
    "riotclientcrashhandler.exe",
    "riotclientservices.exe",
    "riotclientux.exe",
    "riotclientuxrender.exe",
    "rundll32.exe (\"c:\\program files\\nvidia corporation\\nvstreamsrv\\rxdiag.dll\" rxdiagsetruntimemessagepump)",
    "runtimebroker.exe",
    "searchapp.exe",
    "settimerresolutionservice.exe",
    "sgrmbroker.exe",
    "sihost.exe",
    "spotify.exe",
    "srvstub.exe",
    "startmenuexperiencehost.exe",
    "steam.exe",
    "steamwebhelper.exe",
    "svchost.exe (appmodel -p)",
    "svchost.exe (dcomlaunch -p)",
    "svchost.exe (localservice -p)",
    "svchost.exe (localservicenetworkrestricted -p)",
    "svchost.exe (localservicenetworkrestricted)",
    "svchost.exe (localservicenonetwork -p)",
    "svchost.exe (localservicenonetworkfirewall -p)",
    "svchost.exe (localsystemnetworkrestricted -p)",
    "svchost.exe (netsvcs -p)",
    "svchost.exe (unistacksvcgroup)",
    "textinputhost.exe",
    "upc.exe",
    "uplaywebcore.exe",
    "vgtray.exe",
    "winexp.exe",
    "winlogon.exe",
    "opera.exe",
    "chrome.exe",
    "brave.exe",
    "msedge.exe",
    "nvcontainer.exe",
    "nvdisplay.container.exe",
    "nvidia geforce experience.exe",
    "nvidia share.exe",
    "nvidia web helper.exe",
    "nvsphelper64.exe",
    "vgc.exe",
    "taskhostw.exe",
    "backgroundtaskhost.exe",
    "smartscreen.exe",
    "msteams.exe",
    "onedrive.exe"
  ],
  "ruleSets": [
    {
      "ioPriority": "Very Low",
      "ioPriorityEnforcedByRegistry": false,
      "priorityClass": "Idle",
      "priorityClassEnforcedByRegistry": false,
      "processName": "agent.exe"
    },
    {
      "ioPriority": "High",
      "ioPriorityEnforcedByRegistry": false,
      "memoryPriority": "High",
      "memoryPriorityEnforcedByRegistry": false,
      "priorityClass": "High",
      "priorityClassEnforcedByRegistry": false,
      "processName": "aimlab_tb.exe"
    },
    {
      "ioPriority": "Low",
      "ioPriorityEnforcedByRegistry": false,
      "priorityClass": "Below normal",
      "priorityClassEnforcedByRegistry": false,
      "processName": "audiodg.exe"
    },
    {
      "ioPriority": "Very Low",
      "ioPriorityEnforcedByRegistry": false,
      "priorityClass": "Idle",
      "priorityClassEnforcedByRegistry": false,
      "processName": "backgroundtaskhost.exe"
    },
    {
      "ioPriority": "Very Low",
      "ioPriorityEnforcedByRegistry": false,
      "priorityClass": "Idle",
      "priorityClassEnforcedByRegistry": false,
      "processName": "battle.net.exe"
    },
    {
      "ioPriority": "Low",
      "ioPriorityEnforcedByRegistry": false,
      "priorityClass": "Below normal",
      "priorityClassEnforcedByRegistry": false,
      "processName": "brave.exe"
    },
    {
      "ioPriority": "Low",
      "ioPriorityEnforcedByRegistry": false,
      "priorityClass": "Below normal",
      "priorityClassEnforcedByRegistry": false,
      "processName": "chrome.exe"
    },
    {
      "ioPriority": "Low",
      "ioPriorityEnforcedByRegistry": false,
      "priorityClass": "Below normal",
      "priorityClassEnforcedByRegistry": false,
      "processName": "firefox.exe"
    },
    {
      "ioPriority": "Low",
      "ioPriorityEnforcedByRegistry": false,
      "priorityClass": "Below normal",
      "priorityClassEnforcedByRegistry": false,
      "processName": "arc.exe"
    },
    {
      "ioPriority": "Low",
      "ioPriorityEnforcedByRegistry": false,
      "priorityClass": "Below normal",
      "priorityClassEnforcedByRegistry": false,
      "processName": "zen.exe"
    },
    {
      "ioPriority": "High",
      "ioPriorityEnforcedByRegistry": false,
      "memoryPriority": "High",
      "memoryPriorityEnforcedByRegistry": false,
      "priorityClass": "High",
      "priorityClassEnforcedByRegistry": false,
      "processName": "cod.exe"
    },
    {
      "ioPriority": "Very Low",
      "ioPriorityEnforcedByRegistry": false,
      "priorityClass": "Idle",
      "priorityClassEnforcedByRegistry": false,
      "processName": "conhost.exe"
    },
    {
      "cpuAffinity": "1-15",
      "cpuAffinityDelay": 0,
      "gpuPriority": "High",
      "ioPriority": "High",
      "ioPriorityEnforcedByRegistry": false,
      "memoryPriority": "High",
      "memoryPriorityEnforcedByRegistry": false,
      "priorityClass": "High",
      "priorityClassEnforcedByRegistry": false,
      "processName": "cs2.exe",
      "threadPriorityBoosts": "on"
    },
    {
      "ioPriority": "High",
      "ioPriorityEnforcedByRegistry": false,
      "memoryPriority": "High",
      "memoryPriorityEnforcedByRegistry": false,
      "priorityClass": "High",
      "priorityClassEnforcedByRegistry": false,
      "processName": "csgo.exe"
    },
    {
      "ioPriority": "High",
      "ioPriorityEnforcedByRegistry": false,
      "priorityClass": "High",
      "priorityClassEnforcedByRegistry": false,
      "processName": "csrss.exe"
    },
    {
      "ioPriority": "Very Low",
      "ioPriorityEnforcedByRegistry": false,
      "priorityClass": "Idle",
      "priorityClassEnforcedByRegistry": false,
      "processName": "ctfmon.exe"
    },
    {
      "ioPriority": "Low",
      "ioPriorityEnforcedByRegistry": false,
      "priorityClass": "Below normal",
      "priorityClassEnforcedByRegistry": false,
      "processName": "discord.exe"
    },
    {
      "ioPriority": "Very Low",
      "ioPriorityEnforcedByRegistry": false,
      "priorityClass": "Idle",
      "priorityClassEnforcedByRegistry": false,
      "processName": "dllhost.exe"
    },
    {
      "ioPriority": "High",
      "ioPriorityEnforcedByRegistry": false,
      "priorityClass": "High",
      "priorityClassEnforcedByRegistry": false,
      "processName": "dwm.exe"
    },
    {
      "ioPriority": "Very Low",
      "ioPriorityEnforcedByRegistry": false,
      "priorityClass": "Idle",
      "priorityClassEnforcedByRegistry": false,
      "processName": "epicgameslauncher.exe"
    },
    {
      "ioPriority": "Very Low",
      "ioPriorityEnforcedByRegistry": false,
      "priorityClass": "Idle",
      "priorityClassEnforcedByRegistry": false,
      "processName": "epicwebhelper.exe"
    },
    {
      "ioPriority": "Normal",
      "ioPriorityEnforcedByRegistry": false,
      "priorityClass": "Above normal",
      "priorityClassEnforcedByRegistry": false,
      "processName": "explorer.exe"
    },
    {
      "ioPriority": "Very Low",
      "ioPriorityEnforcedByRegistry": false,
      "priorityClass": "Idle",
      "priorityClassEnforcedByRegistry": false,
      "processName": "fontdrvhost.exe"
    },
    {
      "ioPriority": "High",
      "ioPriorityEnforcedByRegistry": false,
      "memoryPriority": "High",
      "memoryPriorityEnforcedByRegistry": false,
      "priorityClass": "High",
      "priorityClassEnforcedByRegistry": false,
      "processName": "fortniteclient-win64-shipping.exe"
    },
    {
      "ioPriority": "High",
      "ioPriorityEnforcedByRegistry": false,
      "memoryPriority": "High",
      "memoryPriorityEnforcedByRegistry": false,
      "priorityClass": "High",
      "priorityClassEnforcedByRegistry": false,
      "processName": "fpsaimtrainer-win64-shipping.exe"
    },
    {
      "ioPriority": "Very Low",
      "ioPriorityEnforcedByRegistry": false,
      "priorityClass": "Idle",
      "priorityClassEnforcedByRegistry": false,
      "processName": "lsass.exe"
    },
    {
      "ioPriority": "Low",
      "ioPriorityEnforcedByRegistry": false,
      "priorityClass": "Below normal",
      "priorityClassEnforcedByRegistry": false,
      "processName": "msedge.exe"
    },
    {
      "ioPriority": "Low",
      "ioPriorityEnforcedByRegistry": false,
      "priorityClass": "Below normal",
      "priorityClassEnforcedByRegistry": false,
      "processName": "msteams.exe"
    },
    {
      "ioPriority": "Low",
      "ioPriorityEnforcedByRegistry": false,
      "priorityClass": "Below normal",
      "priorityClassEnforcedByRegistry": false,
      "processName": "nvcontainer.exe"
    },
    {
      "ioPriority": "Low",
      "ioPriorityEnforcedByRegistry": false,
      "priorityClass": "Below normal",
      "priorityClassEnforcedByRegistry": false,
      "processName": "nvdisplay.container.exe"
    },
    {
      "ioPriority": "Low",
      "ioPriorityEnforcedByRegistry": false,
      "priorityClass": "Below normal",
      "priorityClassEnforcedByRegistry": false,
      "processName": "nvidia geforce experience.exe"
    },
    {
      "ioPriority": "Low",
      "ioPriorityEnforcedByRegistry": false,
      "priorityClass": "Below normal",
      "priorityClassEnforcedByRegistry": false,
      "processName": "nvidia share.exe"
    },
    {
      "ioPriority": "Low",
      "ioPriorityEnforcedByRegistry": false,
      "priorityClass": "Below normal",
      "priorityClassEnforcedByRegistry": false,
      "processName": "nvidia web helper.exe"
    },
    {
      "ioPriority": "Low",
      "ioPriorityEnforcedByRegistry": false,
      "priorityClass": "Below normal",
      "priorityClassEnforcedByRegistry": false,
      "processName": "nvsphelper64.exe"
    },
    {
      "ioPriority": "Very Low",
      "ioPriorityEnforcedByRegistry": false,
      "priorityClass": "Idle",
      "priorityClassEnforcedByRegistry": false,
      "processName": "onedrive.exe"
    },
    {
      "ioPriority": "Low",
      "ioPriorityEnforcedByRegistry": false,
      "priorityClass": "Below normal",
      "priorityClassEnforcedByRegistry": false,
      "processName": "opera.exe"
    },
    {
      "ioPriority": "Very Low",
      "ioPriorityEnforcedByRegistry": false,
      "priorityClass": "Idle",
      "priorityClassEnforcedByRegistry": false,
      "processName": "opera_crashreporter.exe"
    },
    {
      "ioPriority": "High",
      "ioPriorityEnforcedByRegistry": false,
      "memoryPriority": "High",
      "memoryPriorityEnforcedByRegistry": false,
      "priorityClass": "High",
      "priorityClassEnforcedByRegistry": false,
      "processName": "overwatch.exe"
    },
    {
      "ioPriority": "High",
      "ioPriorityEnforcedByRegistry": false,
      "memoryPriority": "High",
      "memoryPriorityEnforcedByRegistry": false,
      "priorityClass": "High",
      "priorityClassEnforcedByRegistry": false,
      "processName": "r5apex.exe"
    },
    {
      "ioPriority": "Very Low",
      "ioPriorityEnforcedByRegistry": false,
      "priorityClass": "Idle",
      "priorityClassEnforcedByRegistry": false,
      "processName": "riotclientcrashhandler.exe"
    },
    {
      "ioPriority": "Low",
      "ioPriorityEnforcedByRegistry": false,
      "priorityClass": "Below normal",
      "priorityClassEnforcedByRegistry": false,
      "processName": "riotclientservices.exe"
    },
    {
      "ioPriority": "Low",
      "ioPriorityEnforcedByRegistry": false,
      "priorityClass": "Below normal",
      "priorityClassEnforcedByRegistry": false,
      "processName": "riotclientux.exe"
    },
    {
      "ioPriority": "Low",
      "ioPriorityEnforcedByRegistry": false,
      "priorityClass": "Below normal",
      "priorityClassEnforcedByRegistry": false,
      "processName": "riotclientuxrender.exe"
    },
    {
      "ioPriority": "Very Low",
      "ioPriorityEnforcedByRegistry": false,
      "priorityClass": "Idle",
      "priorityClassEnforcedByRegistry": false,
      "processName": "rundll32.exe (\"c:\\program files\\nvidia corporation\\nvstreamsrv\\rxdiag.dll\" rxdiagsetruntimemessagepump)"
    },
    {
      "ioPriority": "Very Low",
      "ioPriorityEnforcedByRegistry": false,
      "priorityClass": "Idle",
      "priorityClassEnforcedByRegistry": false,
      "processName": "runtimebroker.exe"
    },
    {
      "ioPriority": "High",
      "ioPriorityEnforcedByRegistry": false,
      "memoryPriority": "High",
      "memoryPriorityEnforcedByRegistry": false,
      "priorityClass": "High",
      "priorityClassEnforcedByRegistry": false,
      "processName": "rust.exe"
    },
    {
      "ioPriority": "Very Low",
      "ioPriorityEnforcedByRegistry": false,
      "priorityClass": "Idle",
      "priorityClassEnforcedByRegistry": false,
      "processName": "searchapp.exe"
    },
    {
      "ioPriority": "Very Low",
      "ioPriorityEnforcedByRegistry": false,
      "priorityClass": "Idle",
      "priorityClassEnforcedByRegistry": false,
      "processName": "settimerresolutionservice.exe"
    },
    {
      "ioPriority": "Very Low",
      "ioPriorityEnforcedByRegistry": false,
      "priorityClass": "Idle",
      "priorityClassEnforcedByRegistry": false,
      "processName": "sgrmbroker.exe"
    },
    {
      "ioPriority": "Very Low",
      "ioPriorityEnforcedByRegistry": false,
      "priorityClass": "Idle",
      "priorityClassEnforcedByRegistry": false,
      "processName": "sihost.exe"
    },
    {
      "ioPriority": "Very Low",
      "ioPriorityEnforcedByRegistry": false,
      "priorityClass": "Idle",
      "priorityClassEnforcedByRegistry": false,
      "processName": "smartscreen.exe"
    },
    {
      "ioPriority": "Very Low",
      "ioPriorityEnforcedByRegistry": false,
      "priorityClass": "Idle",
      "priorityClassEnforcedByRegistry": false,
      "processName": "spotify.exe"
    },
    {
      "ioPriority": "Very Low",
      "ioPriorityEnforcedByRegistry": false,
      "priorityClass": "Idle",
      "priorityClassEnforcedByRegistry": false,
      "processName": "srvstub.exe"
    },
    {
      "ioPriority": "Very Low",
      "ioPriorityEnforcedByRegistry": false,
      "priorityClass": "Idle",
      "priorityClassEnforcedByRegistry": false,
      "processName": "startmenuexperiencehost.exe"
    },
    {
      "ioPriority": "Low",
      "ioPriorityEnforcedByRegistry": false,
      "priorityClass": "Below normal",
      "priorityClassEnforcedByRegistry": false,
      "processName": "steam.exe"
    },
    {
      "ioPriority": "Very Low",
      "ioPriorityEnforcedByRegistry": false,
      "priorityClass": "Idle",
      "priorityClassEnforcedByRegistry": false,
      "processName": "steamwebhelper.exe"
    },
    {
      "ioPriority": "Very Low",
      "ioPriorityEnforcedByRegistry": false,
      "priorityClass": "Idle",
      "priorityClassEnforcedByRegistry": false,
      "processName": "svchost.exe (appmodel -p)"
    },
    {
      "ioPriority": "Very Low",
      "ioPriorityEnforcedByRegistry": false,
      "priorityClass": "Idle",
      "priorityClassEnforcedByRegistry": false,
      "processName": "svchost.exe (dcomlaunch -p)"
    },
    {
      "ioPriority": "Very Low",
      "ioPriorityEnforcedByRegistry": false,
      "priorityClass": "Idle",
      "priorityClassEnforcedByRegistry": false,
      "processName": "svchost.exe (localservice -p)"
    },
    {
      "ioPriority": "Very Low",
      "ioPriorityEnforcedByRegistry": false,
      "priorityClass": "Idle",
      "priorityClassEnforcedByRegistry": false,
      "processName": "svchost.exe (localservicenetworkrestricted -p)"
    },
    {
      "ioPriority": "Very Low",
      "ioPriorityEnforcedByRegistry": false,
      "priorityClass": "Idle",
      "priorityClassEnforcedByRegistry": false,
      "processName": "svchost.exe (localservicenetworkrestricted)"
    },
    {
      "ioPriority": "Very Low",
      "ioPriorityEnforcedByRegistry": false,
      "priorityClass": "Idle",
      "priorityClassEnforcedByRegistry": false,
      "processName": "svchost.exe (localservicenonetwork -p)"
    },
    {
      "ioPriority": "Very Low",
      "ioPriorityEnforcedByRegistry": false,
      "priorityClass": "Idle",
      "priorityClassEnforcedByRegistry": false,
      "processName": "svchost.exe (localservicenonetworkfirewall -p)"
    },
    {
      "ioPriority": "Very Low",
      "ioPriorityEnforcedByRegistry": false,
      "priorityClass": "Idle",
      "priorityClassEnforcedByRegistry": false,
      "processName": "svchost.exe (localsystemnetworkrestricted -p)"
    },
    {
      "ioPriority": "Very Low",
      "ioPriorityEnforcedByRegistry": false,
      "priorityClass": "Idle",
      "priorityClassEnforcedByRegistry": false,
      "processName": "svchost.exe (netsvcs -p)"
    },
    {
      "ioPriority": "Very Low",
      "ioPriorityEnforcedByRegistry": false,
      "priorityClass": "Idle",
      "priorityClassEnforcedByRegistry": false,
      "processName": "svchost.exe (unistacksvcgroup)"
    },
    {
      "ioPriority": "Very Low",
      "ioPriorityEnforcedByRegistry": false,
      "priorityClass": "Idle",
      "priorityClassEnforcedByRegistry": false,
      "processName": "taskhostw.exe"
    },
    {
      "ioPriority": "Very Low",
      "ioPriorityEnforcedByRegistry": false,
      "priorityClass": "Idle",
      "priorityClassEnforcedByRegistry": false,
      "processName": "textinputhost.exe"
    },
    {
      "ioPriority": "Low",
      "ioPriorityEnforcedByRegistry": false,
      "priorityClass": "Idle",
      "priorityClassEnforcedByRegistry": false,
      "processName": "upc.exe"
    },
    {
      "ioPriority": "Very Low",
      "ioPriorityEnforcedByRegistry": false,
      "priorityClass": "Idle",
      "priorityClassEnforcedByRegistry": false,
      "processName": "uplaywebcore.exe"
    },
    {
      "gpuPriority": "High",
      "ioPriority": "High",
      "ioPriorityEnforcedByRegistry": false,
      "memoryPriority": "High",
      "memoryPriorityEnforcedByRegistry": false,
      "priorityClass": "High",
      "priorityClassEnforcedByRegistry": false,
      "processName": "valorant-win64-shipping.exe",
      "threadPriorityBoosts": "on"
    },
    {
      "ioPriority": "Very Low",
      "ioPriorityEnforcedByRegistry": false,
      "priorityClass": "Idle",
      "priorityClassEnforcedByRegistry": false,
      "processName": "vgc.exe"
    },
    {
      "ioPriority": "Very Low",
      "ioPriorityEnforcedByRegistry": false,
      "priorityClass": "Idle",
      "priorityClassEnforcedByRegistry": false,
      "processName": "vgtray.exe"
    },
    {
      "ioPriority": "Very Low",
      "ioPriorityEnforcedByRegistry": false,
      "priorityClass": "Idle",
      "priorityClassEnforcedByRegistry": false,
      "processName": "winexp.exe"
    },
    {
      "ioPriority": "Very Low",
      "ioPriorityEnforcedByRegistry": false,
      "priorityClass": "Idle",
      "priorityClassEnforcedByRegistry": false,
      "processName": "winlogon.exe"
    }
  ]
}
