<?xml version="1.0" encoding="UTF-8"?>
<SYSTEM>
    <CPU>
        <FEATURE ID="100" Enabled="0">
            <STATES>
                <STATE ID="0" Enabled="False" Value="0"/>
            </STATES>
        </FEATURE>
        <FEATURE ID="0" Enabled="True">
            <STATES>
                <STATE ID="0" Enabled="True" Value="1"/>
            </STATES>
        </FEATURE>
    </CPU>
    <GPU DevID="731F" RevID="C1">
        <PPW Value="3"/>
        <FEATURE ID="100" Enabled="0">
            <STATES>
                <STATE ID="0" Enabled="False" Value="0"/>
            </STATES>
        </FEATURE>
        <FEATURE ID="101" Enabled="7">
            <STATES>
                <STATE ID="0" Enabled="True" Value="0"/>
            </STATES>
        </FEATURE>
        <FEATURE ID="102" Enabled="0">
            <STATES>
                <STATE ID="0" Enabled="True" Value="0"/>
            </STATES>
        </FEATURE>
        <FEATURE ID="3" Enabled="True">
            <STATES>
                <STATE ID="0" Enabled="False" Value="50"/>
                <STATE ID="1" Enabled="False" Value="0"/>
            </STATES>
        </FEATURE>
        <FEATURE ID="4" Enabled="True">
            <STATES>
                <STATE ID="0" Enabled="False" Value="1751"/>
                <STATE ID="1" Enabled="False" Value="1801"/>
                <STATE ID="2" Enabled="False" Value="1851"/>
                <STATE ID="3" Enabled="False" Value="1751"/>
                <STATE ID="4" Enabled="False" Value="1851"/>
            </STATES>
        </FEATURE>
        <FEATURE ID="12" Enabled="True">
            <STATES>
                <STATE ID="0" Enabled="False" Value="1025"/>
                <STATE ID="1" Enabled="False" Value="1025"/>
                <STATE ID="2" Enabled="False" Value="1025"/>
            </STATES>
        </FEATURE>
        <FEATURE ID="5" Enabled="True">
            <STATES>
                <STATE ID="0" Enabled="False" Value="1800"/>
                <STATE ID="1" Enabled="False" Value="0"/>
            </STATES>
        </FEATURE>
        <FEATURE ID="8" Enabled="False">
            <STATES>
                <STATE ID="0" Enabled="False" Value="-1"/>
                <STATE ID="1" Enabled="False" Value="-1"/>
            </STATES>
        </FEATURE>
        <FEATURE ID="19" Enabled="False">
            <STATES>
                <STATE ID="0" Enabled="False" Value="0"/>
            </STATES>
        </FEATURE>
        <FEATURE ID="20" Enabled="False">
            <STATES>
                <STATE ID="0" Enabled="False" Value="0"/>
            </STATES>
        </FEATURE>
        <FEATURE ID="21" Enabled="False">
            <STATES>
                <STATE ID="0" Enabled="False" Value="0"/>
            </STATES>
        </FEATURE>
        <FEATURE ID="22" Enabled="True">
            <STATES>
                <STATE ID="0" Enabled="False" Value="32"/>
                <STATE ID="1" Enabled="False" Value="37"/>
                <STATE ID="2" Enabled="False" Value="51"/>
                <STATE ID="3" Enabled="False" Value="47"/>
                <STATE ID="4" Enabled="False" Value="69"/>
                <STATE ID="5" Enabled="False" Value="59"/>
                <STATE ID="6" Enabled="False" Value="81"/>
                <STATE ID="7" Enabled="False" Value="73"/>
                <STATE ID="8" Enabled="False" Value="93"/>
                <STATE ID="9" Enabled="False" Value="100"/>
                <STATE ID="10" Enabled="False" Value="0"/>
            </STATES>
        </FEATURE>
    </GPU>
</SYSTEM>
